path,speaker_id
/workspace_cros2025/cml_tts_dataset_portuguese_v0.1/train/audio/3814/2564/3814_2564_000001.wav,3814
/workspace_cros2025/cml_tts_dataset_portuguese_v0.1/train/audio/10670/10668/10670_10668_000000-0003.wav,10670
/workspace_cros2025/cml_tts_dataset_portuguese_v0.1/train/audio/10670/10668/10670_10668_000000-0001.wav,10670
/workspace_cros2025/cml_tts_dataset_portuguese_v0.1/train/audio/10670/10668/10670_10668_000000-0002.wav,10670
/workspace_cros2025/cml_tts_dataset_portuguese_v0.1/train/audio/10670/10668/10670_10668_000000-0004.wav,10670
/workspace_cros2025/cml_tts_dataset_portuguese_v0.1/train/audio/3369/2564/3369_2564_000000.wav,3369
/workspace_cros2025/cml_tts_dataset_portuguese_v0.1/train/audio/3369/2564/3369_2564_000002.wav,3369
/workspace_cros2025/cml_tts_dataset_portuguese_v0.1/train/audio/5705/4811/5705_4811_000004-0001.wav,5705
/workspace_cros2025/cml_tts_dataset_portuguese_v0.1/train/audio/5705/4811/5705_4811_000004-0003.wav,5705
/workspace_cros2025/cml_tts_dataset_portuguese_v0.1/train/audio/5705/4811/5705_4811_000004-0002.wav,5705
/workspace_cros2025/cml_tts_dataset_portuguese_v0.1/train/audio/5705/4744/5705_4744_000002.wav,5705
/workspace_cros2025/cml_tts_dataset_portuguese_v0.1/train/audio/5705/4744/5705_4744_000001.wav,5705
/workspace_cros2025/cml_tts_dataset_portuguese_v0.1/train/audio/2959/2564/2959_2564_000003-0001.wav,2959
/workspace_cros2025/cml_tts_dataset_portuguese_v0.1/train/audio/2959/2564/2959_2564_000018-0001.wav,2959
/workspace_cros2025/cml_tts_dataset_portuguese_v0.1/train/audio/2959/2564/2959_2564_000021.wav,2959
/workspace_cros2025/cml_tts_dataset_portuguese_v0.1/train/audio/2959/2564/2959_2564_000003-0002.wav,2959
/workspace_cros2025/cml_tts_dataset_portuguese_v0.1/train/audio/2959/2564/2959_2564_000027.wav,2959
/workspace_cros2025/cml_tts_dataset_portuguese_v0.1/train/audio/2959/2564/2959_2564_000018-0002.wav,2959
/workspace_cros2025/cml_tts_dataset_portuguese_v0.1/train/audio/2959/2564/2959_2564_000010.wav,2959
/workspace_cros2025/cml_tts_dataset_portuguese_v0.1/train/audio/2959/2564/2959_2564_000000-0001.wav,2959
/workspace_cros2025/cml_tts_dataset_portuguese_v0.1/train/audio/2959/2564/2959_2564_000014-0001.wav,2959
/workspace_cros2025/cml_tts_dataset_portuguese_v0.1/train/audio/2959/2564/2959_2564_000008-0002.wav,2959
/workspace_cros2025/cml_tts_dataset_portuguese_v0.1/train/audio/2961/13396/2961_13396_000065-0001.wav,2961
/workspace_cros2025/cml_tts_dataset_portuguese_v0.1/train/audio/2961/13396/2961_13396_000089-0002.wav,2961
/workspace_cros2025/cml_tts_dataset_portuguese_v0.1/train/audio/2961/13396/2961_13396_000090-0002.wav,2961
/workspace_cros2025/cml_tts_dataset_portuguese_v0.1/train/audio/2961/13396/2961_13396_000077-0002.wav,2961
/workspace_cros2025/cml_tts_dataset_portuguese_v0.1/train/audio/2961/13396/2961_13396_000099-0002.wav,2961
/workspace_cros2025/cml_tts_dataset_portuguese_v0.1/train/audio/2961/13396/2961_13396_000120-0001.wav,2961
/workspace_cros2025/cml_tts_dataset_portuguese_v0.1/train/audio/2961/13396/2961_13396_000074-0002.wav,2961
/workspace_cros2025/cml_tts_dataset_portuguese_v0.1/train/audio/2961/13396/2961_13396_000020-0001.wav,2961
/workspace_cros2025/cml_tts_dataset_portuguese_v0.1/train/audio/2961/13396/2961_13396_000090-0001.wav,2961
/workspace_cros2025/cml_tts_dataset_portuguese_v0.1/train/audio/2961/13396/2961_13396_000060-0002.wav,2961
/workspace_cros2025/cml_tts_dataset_portuguese_v0.1/train/audio/3976/2564/3976_2564_000004-0001.wav,3976
/workspace_cros2025/cml_tts_dataset_portuguese_v0.1/train/audio/3976/2564/3976_2564_000003-0001.wav,3976
/workspace_cros2025/cml_tts_dataset_portuguese_v0.1/train/audio/3976/2564/3976_2564_000004-0002.wav,3976
/workspace_cros2025/cml_tts_dataset_portuguese_v0.1/train/audio/3976/2564/3976_2564_000002.wav,3976
/workspace_cros2025/cml_tts_dataset_portuguese_v0.1/train/audio/3976/2564/3976_2564_000003-0003.wav,3976
/workspace_cros2025/cml_tts_dataset_portuguese_v0.1/train/audio/3976/2564/3976_2564_000000.wav,3976
/workspace_cros2025/cml_tts_dataset_portuguese_v0.1/train/audio/3976/2564/3976_2564_000003-0002.wav,3976
/workspace_cros2025/cml_tts_dataset_portuguese_v0.1/train/audio/10199/6390/10199_6390_000005.wav,10199
/workspace_cros2025/cml_tts_dataset_portuguese_v0.1/train/audio/10199/6390/10199_6390_000014-0001.wav,10199
/workspace_cros2025/cml_tts_dataset_portuguese_v0.1/train/audio/10199/6390/10199_6390_000004.wav,10199
/workspace_cros2025/cml_tts_dataset_portuguese_v0.1/train/audio/10199/6390/10199_6390_000021-0002.wav,10199
/workspace_cros2025/cml_tts_dataset_portuguese_v0.1/train/audio/10199/6390/10199_6390_000020.wav,10199
/workspace_cros2025/cml_tts_dataset_portuguese_v0.1/train/audio/10199/6390/10199_6390_000021-0001.wav,10199
/workspace_cros2025/cml_tts_dataset_portuguese_v0.1/train/audio/10199/6390/10199_6390_000014-0002.wav,10199
/workspace_cros2025/cml_tts_dataset_portuguese_v0.1/train/audio/10199/6390/10199_6390_000013.wav,10199
/workspace_cros2025/cml_tts_dataset_portuguese_v0.1/train/audio/10199/6390/10199_6390_000010.wav,10199
/workspace_cros2025/cml_tts_dataset_portuguese_v0.1/train/audio/10199/6390/10199_6390_000018.wav,10199
/workspace_cros2025/cml_tts_dataset_portuguese_v0.1/train/audio/12865/13396/12865_13396_000036-0003.wav,12865
/workspace_cros2025/cml_tts_dataset_portuguese_v0.1/train/audio/12865/13396/12865_13396_000026-0001.wav,12865
/workspace_cros2025/cml_tts_dataset_portuguese_v0.1/train/audio/12865/13396/12865_13396_000025.wav,12865
/workspace_cros2025/cml_tts_dataset_portuguese_v0.1/train/audio/12865/13396/12865_13396_000000-0002.wav,12865
/workspace_cros2025/cml_tts_dataset_portuguese_v0.1/train/audio/12865/13396/12865_13396_000027-0002.wav,12865
/workspace_cros2025/cml_tts_dataset_portuguese_v0.1/train/audio/12865/13396/12865_13396_000017.wav,12865
/workspace_cros2025/cml_tts_dataset_portuguese_v0.1/train/audio/12865/13396/12865_13396_000012.wav,12865
/workspace_cros2025/cml_tts_dataset_portuguese_v0.1/train/audio/12865/13396/12865_13396_000029.wav,12865
/workspace_cros2025/cml_tts_dataset_portuguese_v0.1/train/audio/12865/13396/12865_13396_000006.wav,12865
/workspace_cros2025/cml_tts_dataset_portuguese_v0.1/train/audio/12865/13396/12865_13396_000031.wav,12865
/workspace_cros2025/cml_tts_dataset_portuguese_v0.1/train/audio/5103/3962/5103_3962_000000.wav,5103
/workspace_cros2025/cml_tts_dataset_portuguese_v0.1/train/audio/5103/3962/5103_3962_000004-0003.wav,5103
/workspace_cros2025/cml_tts_dataset_portuguese_v0.1/train/audio/5103/3962/5103_3962_000003-0002.wav,5103
/workspace_cros2025/cml_tts_dataset_portuguese_v0.1/train/audio/5103/3962/5103_3962_000001-0002.wav,5103
/workspace_cros2025/cml_tts_dataset_portuguese_v0.1/train/audio/5103/3962/5103_3962_000003-0001.wav,5103
/workspace_cros2025/cml_tts_dataset_portuguese_v0.1/train/audio/5103/3962/5103_3962_000004-0002.wav,5103
/workspace_cros2025/cml_tts_dataset_portuguese_v0.1/train/audio/5103/3962/5103_3962_000001-0001.wav,5103
/workspace_cros2025/cml_tts_dataset_portuguese_v0.1/train/audio/5103/4744/5103_4744_000001.wav,5103
/workspace_cros2025/cml_tts_dataset_portuguese_v0.1/train/audio/5103/4744/5103_4744_000004.wav,5103
/workspace_cros2025/cml_tts_dataset_portuguese_v0.1/train/audio/5103/4744/5103_4744_000000-0001.wav,5103
/workspace_cros2025/cml_tts_dataset_portuguese_v0.1/train/audio/6581/5323/6581_5323_000001.wav,6581
/workspace_cros2025/cml_tts_dataset_portuguese_v0.1/train/audio/7028/5323/7028_5323_000019-0001.wav,7028
/workspace_cros2025/cml_tts_dataset_portuguese_v0.1/train/audio/7028/5323/7028_5323_000013.wav,7028
/workspace_cros2025/cml_tts_dataset_portuguese_v0.1/train/audio/7028/5323/7028_5323_000009.wav,7028
/workspace_cros2025/cml_tts_dataset_portuguese_v0.1/train/audio/7028/5323/7028_5323_000015-0001.wav,7028
/workspace_cros2025/cml_tts_dataset_portuguese_v0.1/train/audio/7028/5323/7028_5323_000018.wav,7028
/workspace_cros2025/cml_tts_dataset_portuguese_v0.1/train/audio/7028/5323/7028_5323_000003-0001.wav,7028
/workspace_cros2025/cml_tts_dataset_portuguese_v0.1/train/audio/7028/5323/7028_5323_000004.wav,7028
/workspace_cros2025/cml_tts_dataset_portuguese_v0.1/train/audio/7028/5323/7028_5323_000019-0002.wav,7028
/workspace_cros2025/cml_tts_dataset_portuguese_v0.1/train/audio/7028/5323/7028_5323_000002.wav,7028
/workspace_cros2025/cml_tts_dataset_portuguese_v0.1/train/audio/7028/6390/7028_6390_000016-0001.wav,7028
/workspace_cros2025/cml_tts_dataset_portuguese_v0.1/train/audio/6700/5323/6700_5323_000001-0001.wav,6700
/workspace_cros2025/cml_tts_dataset_portuguese_v0.1/train/audio/6700/5323/6700_5323_000008.wav,6700
/workspace_cros2025/cml_tts_dataset_portuguese_v0.1/train/audio/6700/5323/6700_5323_000001-0002.wav,6700
/workspace_cros2025/cml_tts_dataset_portuguese_v0.1/train/audio/6700/5323/6700_5323_000000.wav,6700
/workspace_cros2025/cml_tts_dataset_portuguese_v0.1/train/audio/6700/5323/6700_5323_000004.wav,6700
/workspace_cros2025/cml_tts_dataset_portuguese_v0.1/train/audio/6700/5323/6700_5323_000005-0002.wav,6700
/workspace_cros2025/cml_tts_dataset_portuguese_v0.1/train/audio/6700/5323/6700_5323_000005-0001.wav,6700
/workspace_cros2025/cml_tts_dataset_portuguese_v0.1/train/audio/6700/5323/6700_5323_000006.wav,6700
/workspace_cros2025/cml_tts_dataset_portuguese_v0.1/train/audio/6700/5323/6700_5323_000005-0004.wav,6700
/workspace_cros2025/cml_tts_dataset_portuguese_v0.1/train/audio/6700/5323/6700_5323_000005-0003.wav,6700
/workspace_cros2025/cml_tts_dataset_portuguese_v0.1/train/audio/6601/5323/6601_5323_000002.wav,6601
/workspace_cros2025/cml_tts_dataset_portuguese_v0.1/train/audio/6601/5323/6601_5323_000007-0002.wav,6601
/workspace_cros2025/cml_tts_dataset_portuguese_v0.1/train/audio/6601/5323/6601_5323_000003.wav,6601
/workspace_cros2025/cml_tts_dataset_portuguese_v0.1/train/audio/6601/5323/6601_5323_000001.wav,6601
/workspace_cros2025/cml_tts_dataset_portuguese_v0.1/train/audio/6601/5323/6601_5323_000015.wav,6601
/workspace_cros2025/cml_tts_dataset_portuguese_v0.1/train/audio/6601/5323/6601_5323_000006.wav,6601
/workspace_cros2025/cml_tts_dataset_portuguese_v0.1/train/audio/6601/5323/6601_5323_000016-0001.wav,6601
/workspace_cros2025/cml_tts_dataset_portuguese_v0.1/train/audio/6601/5323/6601_5323_000014.wav,6601
/workspace_cros2025/cml_tts_dataset_portuguese_v0.1/train/audio/6601/5323/6601_5323_000005-0005.wav,6601
/workspace_cros2025/cml_tts_dataset_portuguese_v0.1/train/audio/6601/5323/6601_5323_000005-0001.wav,6601
/workspace_cros2025/cml_tts_dataset_portuguese_v0.1/train/audio/9217/6390/9217_6390_000038.wav,9217
/workspace_cros2025/cml_tts_dataset_portuguese_v0.1/train/audio/9217/6390/9217_6390_000039-0002.wav,9217
/workspace_cros2025/cml_tts_dataset_portuguese_v0.1/train/audio/9217/6390/9217_6390_000037.wav,9217
/workspace_cros2025/cml_tts_dataset_portuguese_v0.1/train/audio/9217/6390/9217_6390_000039-0001.wav,9217
/workspace_cros2025/cml_tts_dataset_portuguese_v0.1/train/audio/9217/6390/9217_6390_000033.wav,9217
/workspace_cros2025/cml_tts_dataset_portuguese_v0.1/train/audio/9217/6390/9217_6390_000044-0003.wav,9217
/workspace_cros2025/cml_tts_dataset_portuguese_v0.1/train/audio/9217/6390/9217_6390_000044-0002.wav,9217
/workspace_cros2025/cml_tts_dataset_portuguese_v0.1/train/audio/9217/6390/9217_6390_000034.wav,9217
/workspace_cros2025/cml_tts_dataset_portuguese_v0.1/train/audio/9217/6390/9217_6390_000044-0001.wav,9217
/workspace_cros2025/cml_tts_dataset_portuguese_v0.1/train/audio/4367/5270/4367_5270_000000.wav,4367
/workspace_cros2025/cml_tts_dataset_portuguese_v0.1/train/audio/4367/5270/4367_5270_000002.wav,4367
/workspace_cros2025/cml_tts_dataset_portuguese_v0.1/train/audio/4367/3848/4367_3848_000089-0002.wav,4367
/workspace_cros2025/cml_tts_dataset_portuguese_v0.1/train/audio/4367/3848/4367_3848_000031-0003.wav,4367
/workspace_cros2025/cml_tts_dataset_portuguese_v0.1/train/audio/4367/3848/4367_3848_000076-0003.wav,4367
/workspace_cros2025/cml_tts_dataset_portuguese_v0.1/train/audio/4367/3848/4367_3848_000012.wav,4367
/workspace_cros2025/cml_tts_dataset_portuguese_v0.1/train/audio/4367/3848/4367_3848_000068-0002.wav,4367
/workspace_cros2025/cml_tts_dataset_portuguese_v0.1/train/audio/4367/3848/4367_3848_000071-0001.wav,4367
/workspace_cros2025/cml_tts_dataset_portuguese_v0.1/train/audio/4367/3848/4367_3848_000021-0001.wav,4367
/workspace_cros2025/cml_tts_dataset_portuguese_v0.1/train/audio/4367/3848/4367_3848_000023-0001.wav,4367
/workspace_cros2025/cml_tts_dataset_portuguese_v0.1/train/audio/4801/3962/4801_3962_000001-0002.wav,4801
/workspace_cros2025/cml_tts_dataset_portuguese_v0.1/train/audio/4801/3962/4801_3962_000001-0001.wav,4801
/workspace_cros2025/cml_tts_dataset_portuguese_v0.1/train/audio/4801/3962/4801_3962_000001-0004.wav,4801
/workspace_cros2025/cml_tts_dataset_portuguese_v0.1/train/audio/4801/3962/4801_3962_000001-0003.wav,4801
/workspace_cros2025/cml_tts_dataset_portuguese_v0.1/train/audio/5068/3962/5068_3962_000003.wav,5068
/workspace_cros2025/cml_tts_dataset_portuguese_v0.1/train/audio/5068/3962/5068_3962_000002-0001.wav,5068
/workspace_cros2025/cml_tts_dataset_portuguese_v0.1/train/audio/5068/3962/5068_3962_000001.wav,5068
/workspace_cros2025/cml_tts_dataset_portuguese_v0.1/train/audio/5025/3962/5025_3962_000001-0002.wav,5025
/workspace_cros2025/cml_tts_dataset_portuguese_v0.1/train/audio/5025/3962/5025_3962_000001-0001.wav,5025
/workspace_cros2025/cml_tts_dataset_portuguese_v0.1/train/audio/5025/3962/5025_3962_000000.wav,5025
/workspace_cros2025/cml_tts_dataset_portuguese_v0.1/train/audio/5888/5270/5888_5270_000009.wav,5888
/workspace_cros2025/cml_tts_dataset_portuguese_v0.1/train/audio/5888/5270/5888_5270_000014-0002.wav,5888
/workspace_cros2025/cml_tts_dataset_portuguese_v0.1/train/audio/5888/5270/5888_5270_000014-0001.wav,5888
/workspace_cros2025/cml_tts_dataset_portuguese_v0.1/train/audio/5888/4811/5888_4811_000001.wav,5888
/workspace_cros2025/cml_tts_dataset_portuguese_v0.1/train/audio/5888/5270/5888_5270_000012.wav,5888
/workspace_cros2025/cml_tts_dataset_portuguese_v0.1/train/audio/5888/5270/5888_5270_000017.wav,5888
/workspace_cros2025/cml_tts_dataset_portuguese_v0.1/train/audio/5888/5270/5888_5270_000002.wav,5888
/workspace_cros2025/cml_tts_dataset_portuguese_v0.1/train/audio/5888/5270/5888_5270_000006-0001.wav,5888
/workspace_cros2025/cml_tts_dataset_portuguese_v0.1/train/audio/5888/4811/5888_4811_000004.wav,5888
/workspace_cros2025/cml_tts_dataset_portuguese_v0.1/train/audio/5888/4811/5888_4811_000007.wav,5888
/workspace_cros2025/cml_tts_dataset_portuguese_v0.1/train/audio/4778/3962/4778_3962_000003-0001.wav,4778
/workspace_cros2025/cml_tts_dataset_portuguese_v0.1/train/audio/4778/3962/4778_3962_000001.wav,4778
/workspace_cros2025/cml_tts_dataset_portuguese_v0.1/train/audio/4778/3962/4778_3962_000003-0002.wav,4778
/workspace_cros2025/cml_tts_dataset_portuguese_v0.1/train/audio/4778/3962/4778_3962_000000.wav,4778
/workspace_cros2025/cml_tts_dataset_portuguese_v0.1/train/audio/3427/2564/3427_2564_000000-0002.wav,3427
/workspace_cros2025/cml_tts_dataset_portuguese_v0.1/train/audio/3427/2564/3427_2564_000000-0001.wav,3427
/workspace_cros2025/cml_tts_dataset_portuguese_v0.1/train/audio/6207/5270/6207_5270_000007.wav,6207
/workspace_cros2025/cml_tts_dataset_portuguese_v0.1/train/audio/6207/5270/6207_5270_000020-0001.wav,6207
/workspace_cros2025/cml_tts_dataset_portuguese_v0.1/train/audio/6207/5270/6207_5270_000001-0001.wav,6207
/workspace_cros2025/cml_tts_dataset_portuguese_v0.1/train/audio/6207/5270/6207_5270_000003-0002.wav,6207
/workspace_cros2025/cml_tts_dataset_portuguese_v0.1/train/audio/6207/5270/6207_5270_000015.wav,6207
/workspace_cros2025/cml_tts_dataset_portuguese_v0.1/train/audio/6207/5270/6207_5270_000019.wav,6207
/workspace_cros2025/cml_tts_dataset_portuguese_v0.1/train/audio/6207/5270/6207_5270_000023.wav,6207
/workspace_cros2025/cml_tts_dataset_portuguese_v0.1/train/audio/6207/5270/6207_5270_000025-0003.wav,6207
/workspace_cros2025/cml_tts_dataset_portuguese_v0.1/train/audio/6207/5270/6207_5270_000001-0002.wav,6207
/workspace_cros2025/cml_tts_dataset_portuguese_v0.1/train/audio/6207/5270/6207_5270_000017-0002.wav,6207
/workspace_cros2025/cml_tts_dataset_portuguese_v0.1/train/audio/9485/6390/9485_6390_000003.wav,9485
/workspace_cros2025/cml_tts_dataset_portuguese_v0.1/train/audio/9485/6390/9485_6390_000007.wav,9485
/workspace_cros2025/cml_tts_dataset_portuguese_v0.1/train/audio/9485/6390/9485_6390_000021-0002.wav,9485
/workspace_cros2025/cml_tts_dataset_portuguese_v0.1/train/audio/9485/6390/9485_6390_000005.wav,9485
/workspace_cros2025/cml_tts_dataset_portuguese_v0.1/train/audio/9485/6390/9485_6390_000021-0001.wav,9485
/workspace_cros2025/cml_tts_dataset_portuguese_v0.1/train/audio/9485/6390/9485_6390_000025.wav,9485
/workspace_cros2025/cml_tts_dataset_portuguese_v0.1/train/audio/9485/6390/9485_6390_000017.wav,9485
/workspace_cros2025/cml_tts_dataset_portuguese_v0.1/train/audio/9485/6390/9485_6390_000012-0001.wav,9485
/workspace_cros2025/cml_tts_dataset_portuguese_v0.1/train/audio/9485/6390/9485_6390_000020-0001.wav,9485
/workspace_cros2025/cml_tts_dataset_portuguese_v0.1/train/audio/9485/6390/9485_6390_000001-0001.wav,9485
/workspace_cros2025/cml_tts_dataset_portuguese_v0.1/train/audio/4783/3962/4783_3962_000004-0003.wav,4783
/workspace_cros2025/cml_tts_dataset_portuguese_v0.1/train/audio/4783/3962/4783_3962_000004-0002.wav,4783
/workspace_cros2025/cml_tts_dataset_portuguese_v0.1/train/audio/4783/3962/4783_3962_000006.wav,4783
/workspace_cros2025/cml_tts_dataset_portuguese_v0.1/train/audio/4783/3962/4783_3962_000000.wav,4783
/workspace_cros2025/cml_tts_dataset_portuguese_v0.1/train/audio/4783/3962/4783_3962_000004-0004.wav,4783
/workspace_cros2025/cml_tts_dataset_portuguese_v0.1/train/audio/4783/3962/4783_3962_000001.wav,4783
/workspace_cros2025/cml_tts_dataset_portuguese_v0.1/train/audio/4783/3962/4783_3962_000005.wav,4783
/workspace_cros2025/cml_tts_dataset_portuguese_v0.1/train/audio/4783/3962/4783_3962_000004-0001.wav,4783
/workspace_cros2025/cml_tts_dataset_portuguese_v0.1/train/audio/5677/4807/5677_4807_000916.wav,5677
/workspace_cros2025/cml_tts_dataset_portuguese_v0.1/train/audio/5677/4807/5677_4807_001053.wav,5677
/workspace_cros2025/cml_tts_dataset_portuguese_v0.1/train/audio/5677/4807/5677_4807_000726-0001.wav,5677
/workspace_cros2025/cml_tts_dataset_portuguese_v0.1/train/audio/5677/4807/5677_4807_000239-0002.wav,5677
/workspace_cros2025/cml_tts_dataset_portuguese_v0.1/train/audio/5677/4807/5677_4807_001512-0001.wav,5677
/workspace_cros2025/cml_tts_dataset_portuguese_v0.1/train/audio/5677/4807/5677_4807_001428-0002.wav,5677
/workspace_cros2025/cml_tts_dataset_portuguese_v0.1/train/audio/5677/4807/5677_4807_000507-0003.wav,5677
/workspace_cros2025/cml_tts_dataset_portuguese_v0.1/train/audio/5677/4807/5677_4807_000207.wav,5677
/workspace_cros2025/cml_tts_dataset_portuguese_v0.1/train/audio/5677/4807/5677_4807_000870-0002.wav,5677
/workspace_cros2025/cml_tts_dataset_portuguese_v0.1/train/audio/5677/4807/5677_4807_000000-0001.wav,5677
/workspace_cros2025/cml_tts_dataset_portuguese_v0.1/train/audio/8680/6390/8680_6390_000004.wav,8680
/workspace_cros2025/cml_tts_dataset_portuguese_v0.1/train/audio/8680/6390/8680_6390_000012.wav,8680
/workspace_cros2025/cml_tts_dataset_portuguese_v0.1/train/audio/8680/6390/8680_6390_000018.wav,8680
/workspace_cros2025/cml_tts_dataset_portuguese_v0.1/train/audio/8680/6390/8680_6390_000001.wav,8680
/workspace_cros2025/cml_tts_dataset_portuguese_v0.1/train/audio/8680/6390/8680_6390_000015-0002.wav,8680
/workspace_cros2025/cml_tts_dataset_portuguese_v0.1/train/audio/8680/6390/8680_6390_000015-0003.wav,8680
/workspace_cros2025/cml_tts_dataset_portuguese_v0.1/train/audio/8680/6390/8680_6390_000016.wav,8680
/workspace_cros2025/cml_tts_dataset_portuguese_v0.1/train/audio/8680/6390/8680_6390_000014-0003.wav,8680
/workspace_cros2025/cml_tts_dataset_portuguese_v0.1/train/audio/8680/6390/8680_6390_000005.wav,8680
/workspace_cros2025/cml_tts_dataset_portuguese_v0.1/train/audio/8680/6390/8680_6390_000008-0003.wav,8680
/workspace_cros2025/cml_tts_dataset_portuguese_v0.1/train/audio/9351/9280/9351_9280_000480-0001.wav,9351
/workspace_cros2025/cml_tts_dataset_portuguese_v0.1/train/audio/9351/9280/9351_9280_000121-0002.wav,9351
/workspace_cros2025/cml_tts_dataset_portuguese_v0.1/train/audio/9351/9280/9351_9280_000576.wav,9351
/workspace_cros2025/cml_tts_dataset_portuguese_v0.1/train/audio/9351/9280/9351_9280_001657-0003.wav,9351
/workspace_cros2025/cml_tts_dataset_portuguese_v0.1/train/audio/9351/9280/9351_9280_001781-0001.wav,9351
/workspace_cros2025/cml_tts_dataset_portuguese_v0.1/train/audio/9351/9280/9351_9280_000070-0001.wav,9351
/workspace_cros2025/cml_tts_dataset_portuguese_v0.1/train/audio/9351/9280/9351_9280_001266-0002.wav,9351
/workspace_cros2025/cml_tts_dataset_portuguese_v0.1/train/audio/9351/9280/9351_9280_001421-0001.wav,9351
/workspace_cros2025/cml_tts_dataset_portuguese_v0.1/train/audio/9351/9280/9351_9280_001266-0001.wav,9351
/workspace_cros2025/cml_tts_dataset_portuguese_v0.1/train/audio/9351/9280/9351_9280_000318.wav,9351
/workspace_cros2025/cml_tts_dataset_portuguese_v0.1/train/audio/10107/12563/10107_12563_000966-0002.wav,10107
/workspace_cros2025/cml_tts_dataset_portuguese_v0.1/train/audio/10107/12563/10107_12563_000954.wav,10107
/workspace_cros2025/cml_tts_dataset_portuguese_v0.1/train/audio/10107/12563/10107_12563_000730.wav,10107
/workspace_cros2025/cml_tts_dataset_portuguese_v0.1/train/audio/10107/12563/10107_12563_001241-0001.wav,10107
/workspace_cros2025/cml_tts_dataset_portuguese_v0.1/train/audio/10107/12563/10107_12563_001073-0001.wav,10107
/workspace_cros2025/cml_tts_dataset_portuguese_v0.1/train/audio/10107/12563/10107_12563_000329.wav,10107
/workspace_cros2025/cml_tts_dataset_portuguese_v0.1/train/audio/10107/12563/10107_12563_000030.wav,10107
/workspace_cros2025/cml_tts_dataset_portuguese_v0.1/train/audio/10107/12563/10107_12563_000273.wav,10107
/workspace_cros2025/cml_tts_dataset_portuguese_v0.1/train/audio/10107/12563/10107_12563_000307.wav,10107
/workspace_cros2025/cml_tts_dataset_portuguese_v0.1/train/audio/10107/12563/10107_12563_000951-0002.wav,10107
/workspace_cros2025/cml_tts_dataset_portuguese_v0.1/train/audio/12249/12879/12249_12879_001265-0001.wav,12249
/workspace_cros2025/cml_tts_dataset_portuguese_v0.1/train/audio/12249/12879/12249_12879_000405.wav,12249
/workspace_cros2025/cml_tts_dataset_portuguese_v0.1/train/audio/12249/12879/12249_12879_001760-0001.wav,12249
/workspace_cros2025/cml_tts_dataset_portuguese_v0.1/train/audio/12249/12879/12249_12879_001553-0002.wav,12249
/workspace_cros2025/cml_tts_dataset_portuguese_v0.1/train/audio/12249/12879/12249_12879_000399-0002.wav,12249
/workspace_cros2025/cml_tts_dataset_portuguese_v0.1/train/audio/12249/12879/12249_12879_002046-0002.wav,12249
/workspace_cros2025/cml_tts_dataset_portuguese_v0.1/train/audio/12249/12879/12249_12879_000075.wav,12249
/workspace_cros2025/cml_tts_dataset_portuguese_v0.1/train/audio/12249/12879/12249_12879_001814-0002.wav,12249
/workspace_cros2025/cml_tts_dataset_portuguese_v0.1/train/audio/12249/12879/12249_12879_000826-0002.wav,12249
/workspace_cros2025/cml_tts_dataset_portuguese_v0.1/train/audio/12249/12879/12249_12879_000080-0002.wav,12249
/workspace_cros2025/cml_tts_dataset_portuguese_v0.1/dev/audio/6566/5323/6566_5323_000063.wav,6566
/workspace_cros2025/cml_tts_dataset_portuguese_v0.1/dev/audio/6566/5323/6566_5323_000067.wav,6566
/workspace_cros2025/cml_tts_dataset_portuguese_v0.1/dev/audio/6566/5323/6566_5323_000043.wav,6566
/workspace_cros2025/cml_tts_dataset_portuguese_v0.1/dev/audio/6566/5323/6566_5323_000040.wav,6566
/workspace_cros2025/cml_tts_dataset_portuguese_v0.1/dev/audio/6566/5323/6566_5323_000091-0001.wav,6566
/workspace_cros2025/cml_tts_dataset_portuguese_v0.1/dev/audio/6566/5323/6566_5323_000047.wav,6566
/workspace_cros2025/cml_tts_dataset_portuguese_v0.1/dev/audio/6566/5323/6566_5323_000078.wav,6566
/workspace_cros2025/cml_tts_dataset_portuguese_v0.1/dev/audio/6566/5323/6566_5323_000018.wav,6566
/workspace_cros2025/cml_tts_dataset_portuguese_v0.1/dev/audio/6566/5323/6566_5323_000021-0001.wav,6566
/workspace_cros2025/cml_tts_dataset_portuguese_v0.1/dev/audio/6566/5323/6566_5323_000023-0003.wav,6566
/workspace_cros2025/cml_tts_dataset_portuguese_v0.1/dev/audio/13069/13511/13069_13511_000011.wav,13069
/workspace_cros2025/cml_tts_dataset_portuguese_v0.1/dev/audio/13069/13511/13069_13511_000008-0002.wav,13069
/workspace_cros2025/cml_tts_dataset_portuguese_v0.1/dev/audio/13069/13511/13069_13511_000057-0002.wav,13069
/workspace_cros2025/cml_tts_dataset_portuguese_v0.1/dev/audio/13069/13511/13069_13511_000043-0003.wav,13069
/workspace_cros2025/cml_tts_dataset_portuguese_v0.1/dev/audio/13069/13511/13069_13511_000025.wav,13069
/workspace_cros2025/cml_tts_dataset_portuguese_v0.1/dev/audio/13069/13511/13069_13511_000070.wav,13069
/workspace_cros2025/cml_tts_dataset_portuguese_v0.1/dev/audio/13069/13511/13069_13511_000072.wav,13069
/workspace_cros2025/cml_tts_dataset_portuguese_v0.1/dev/audio/13069/13511/13069_13511_000043-0002.wav,13069
/workspace_cros2025/cml_tts_dataset_portuguese_v0.1/dev/audio/13069/13511/13069_13511_000021.wav,13069
/workspace_cros2025/cml_tts_dataset_portuguese_v0.1/dev/audio/13069/13511/13069_13511_000040.wav,13069
/workspace_cros2025/cml_tts_dataset_portuguese_v0.1/dev/audio/8655/6390/8655_6390_000034.wav,8655
/workspace_cros2025/cml_tts_dataset_portuguese_v0.1/dev/audio/8655/6390/8655_6390_000019.wav,8655
/workspace_cros2025/cml_tts_dataset_portuguese_v0.1/dev/audio/8655/6390/8655_6390_000008.wav,8655
/workspace_cros2025/cml_tts_dataset_portuguese_v0.1/dev/audio/8655/6390/8655_6390_000054.wav,8655
/workspace_cros2025/cml_tts_dataset_portuguese_v0.1/dev/audio/8655/6390/8655_6390_000048.wav,8655
/workspace_cros2025/cml_tts_dataset_portuguese_v0.1/dev/audio/8655/6390/8655_6390_000039.wav,8655
/workspace_cros2025/cml_tts_dataset_portuguese_v0.1/dev/audio/8655/6390/8655_6390_000024.wav,8655
/workspace_cros2025/cml_tts_dataset_portuguese_v0.1/dev/audio/8655/6390/8655_6390_000047.wav,8655
/workspace_cros2025/cml_tts_dataset_portuguese_v0.1/dev/audio/8655/6390/8655_6390_000045-0001.wav,8655
/workspace_cros2025/cml_tts_dataset_portuguese_v0.1/dev/audio/8655/6390/8655_6390_000050-0001.wav,8655
/workspace_cros2025/cml_tts_dataset_portuguese_v0.1/dev/audio/9056/8708/9056_8708_000032-0001.wav,9056
/workspace_cros2025/cml_tts_dataset_portuguese_v0.1/dev/audio/9056/8708/9056_8708_000027.wav,9056
/workspace_cros2025/cml_tts_dataset_portuguese_v0.1/dev/audio/9056/8708/9056_8708_000001-0002.wav,9056
/workspace_cros2025/cml_tts_dataset_portuguese_v0.1/dev/audio/9056/8708/9056_8708_000022.wav,9056
/workspace_cros2025/cml_tts_dataset_portuguese_v0.1/dev/audio/9056/8708/9056_8708_000017-0001.wav,9056
/workspace_cros2025/cml_tts_dataset_portuguese_v0.1/dev/audio/9056/8708/9056_8708_000012.wav,9056
/workspace_cros2025/cml_tts_dataset_portuguese_v0.1/dev/audio/9056/8708/9056_8708_000023-0003.wav,9056
/workspace_cros2025/cml_tts_dataset_portuguese_v0.1/dev/audio/9056/8708/9056_8708_000003-0003.wav,9056
/workspace_cros2025/cml_tts_dataset_portuguese_v0.1/dev/audio/9056/8708/9056_8708_000032-0002.wav,9056
/workspace_cros2025/cml_tts_dataset_portuguese_v0.1/dev/audio/9056/8708/9056_8708_000031-0001.wav,9056
/workspace_cros2025/cml_tts_dataset_portuguese_v0.1/dev/audio/11995/10229/11995_10229_000040-0002.wav,11995
/workspace_cros2025/cml_tts_dataset_portuguese_v0.1/dev/audio/11995/10229/11995_10229_000041-0001.wav,11995
/workspace_cros2025/cml_tts_dataset_portuguese_v0.1/dev/audio/11995/10229/11995_10229_000044-0001.wav,11995
/workspace_cros2025/cml_tts_dataset_portuguese_v0.1/dev/audio/11995/10229/11995_10229_000026.wav,11995
/workspace_cros2025/cml_tts_dataset_portuguese_v0.1/dev/audio/11995/10229/11995_10229_000033.wav,11995
/workspace_cros2025/cml_tts_dataset_portuguese_v0.1/dev/audio/11995/10229/11995_10229_000053.wav,11995
/workspace_cros2025/cml_tts_dataset_portuguese_v0.1/dev/audio/11995/10229/11995_10229_000077-0002.wav,11995
/workspace_cros2025/cml_tts_dataset_portuguese_v0.1/dev/audio/11995/10229/11995_10229_000064-0002.wav,11995
/workspace_cros2025/cml_tts_dataset_portuguese_v0.1/dev/audio/11995/10229/11995_10229_000022.wav,11995
/workspace_cros2025/cml_tts_dataset_portuguese_v0.1/dev/audio/11995/10229/11995_10229_000019-0001.wav,11995
/workspace_cros2025/cml_tts_dataset_portuguese_v0.1/dev/audio/5417/3702/5417_3702_000033.wav,5417
/workspace_cros2025/cml_tts_dataset_portuguese_v0.1/dev/audio/5417/3702/5417_3702_000010-0002.wav,5417
/workspace_cros2025/cml_tts_dataset_portuguese_v0.1/dev/audio/5417/3702/5417_3702_000014.wav,5417
/workspace_cros2025/cml_tts_dataset_portuguese_v0.1/dev/audio/5417/3702/5417_3702_000034.wav,5417
/workspace_cros2025/cml_tts_dataset_portuguese_v0.1/dev/audio/5417/3702/5417_3702_000083.wav,5417
/workspace_cros2025/cml_tts_dataset_portuguese_v0.1/dev/audio/5417/3702/5417_3702_000041-0002.wav,5417
/workspace_cros2025/cml_tts_dataset_portuguese_v0.1/dev/audio/5417/3702/5417_3702_000026-0002.wav,5417
/workspace_cros2025/cml_tts_dataset_portuguese_v0.1/dev/audio/5417/3702/5417_3702_000010-0001.wav,5417
/workspace_cros2025/cml_tts_dataset_portuguese_v0.1/dev/audio/5417/3702/5417_3702_000046-0002.wav,5417
/workspace_cros2025/cml_tts_dataset_portuguese_v0.1/dev/audio/5417/3702/5417_3702_000026-0001.wav,5417
/workspace_cros2025/cml_tts_dataset_portuguese_v0.1/dev/audio/6549/4272/6549_4272_000014-0001.wav,6549
/workspace_cros2025/cml_tts_dataset_portuguese_v0.1/dev/audio/6549/4272/6549_4272_000003.wav,6549
/workspace_cros2025/cml_tts_dataset_portuguese_v0.1/dev/audio/6549/4272/6549_4272_000014-0002.wav,6549
/workspace_cros2025/cml_tts_dataset_portuguese_v0.1/dev/audio/6549/4272/6549_4272_000005.wav,6549
/workspace_cros2025/cml_tts_dataset_portuguese_v0.1/dev/audio/6549/4272/6549_4272_000007.wav,6549
/workspace_cros2025/cml_tts_dataset_portuguese_v0.1/dev/audio/6549/4272/6549_4272_000013-0002.wav,6549
/workspace_cros2025/cml_tts_dataset_portuguese_v0.1/dev/audio/6549/4272/6549_4272_000011.wav,6549
/workspace_cros2025/cml_tts_dataset_portuguese_v0.1/dev/audio/6549/4272/6549_4272_000004-0003.wav,6549
/workspace_cros2025/cml_tts_dataset_portuguese_v0.1/dev/audio/6549/4272/6549_4272_000010.wav,6549
/workspace_cros2025/cml_tts_dataset_portuguese_v0.1/dev/audio/6549/4272/6549_4272_000001.wav,6549
/workspace_cros2025/cml_tts_dataset_portuguese_v0.1/dev/audio/4067/3313/4067_3313_000095.wav,4067
/workspace_cros2025/cml_tts_dataset_portuguese_v0.1/dev/audio/4067/3313/4067_3313_000079.wav,4067
/workspace_cros2025/cml_tts_dataset_portuguese_v0.1/dev/audio/4067/3313/4067_3313_000080.wav,4067
/workspace_cros2025/cml_tts_dataset_portuguese_v0.1/dev/audio/4067/3313/4067_3313_000041.wav,4067
/workspace_cros2025/cml_tts_dataset_portuguese_v0.1/dev/audio/4067/3313/4067_3313_000090.wav,4067
/workspace_cros2025/cml_tts_dataset_portuguese_v0.1/dev/audio/4067/3313/4067_3313_000045.wav,4067
/workspace_cros2025/cml_tts_dataset_portuguese_v0.1/dev/audio/4067/3313/4067_3313_000046.wav,4067
/workspace_cros2025/cml_tts_dataset_portuguese_v0.1/dev/audio/4067/3313/4067_3313_000075.wav,4067
/workspace_cros2025/cml_tts_dataset_portuguese_v0.1/dev/audio/4067/3313/4067_3313_000086.wav,4067
/workspace_cros2025/cml_tts_dataset_portuguese_v0.1/dev/audio/4067/3313/4067_3313_000027.wav,4067
/workspace_cros2025/cml_tts_dataset_portuguese_v0.1/dev/audio/12710/10229/12710_10229_000091.wav,12710
/workspace_cros2025/cml_tts_dataset_portuguese_v0.1/dev/audio/12710/10229/12710_10229_000052-0001.wav,12710
/workspace_cros2025/cml_tts_dataset_portuguese_v0.1/dev/audio/12710/10229/12710_10229_000016.wav,12710
/workspace_cros2025/cml_tts_dataset_portuguese_v0.1/dev/audio/12710/10229/12710_10229_000077.wav,12710
/workspace_cros2025/cml_tts_dataset_portuguese_v0.1/dev/audio/12710/10229/12710_10229_000005-0001.wav,12710
/workspace_cros2025/cml_tts_dataset_portuguese_v0.1/dev/audio/12710/10229/12710_10229_000056-0001.wav,12710
/workspace_cros2025/cml_tts_dataset_portuguese_v0.1/dev/audio/12710/10229/12710_10229_000043.wav,12710
/workspace_cros2025/cml_tts_dataset_portuguese_v0.1/dev/audio/12710/10229/12710_10229_000007-0002.wav,12710
/workspace_cros2025/cml_tts_dataset_portuguese_v0.1/dev/audio/12710/10229/12710_10229_000003.wav,12710
/workspace_cros2025/cml_tts_dataset_portuguese_v0.1/dev/audio/12710/10229/12710_10229_000002-0002.wav,12710
/workspace_cros2025/cml_tts_dataset_portuguese_v0.1/dev/audio/12707/10229/12707_10229_000069.wav,12707
/workspace_cros2025/cml_tts_dataset_portuguese_v0.1/dev/audio/12707/10229/12707_10229_000067.wav,12707
/workspace_cros2025/cml_tts_dataset_portuguese_v0.1/dev/audio/12707/10229/12707_10229_000070.wav,12707
/workspace_cros2025/cml_tts_dataset_portuguese_v0.1/dev/audio/12707/10229/12707_10229_000013.wav,12707
/workspace_cros2025/cml_tts_dataset_portuguese_v0.1/dev/audio/12707/10229/12707_10229_000027.wav,12707
/workspace_cros2025/cml_tts_dataset_portuguese_v0.1/dev/audio/12707/10229/12707_10229_000068-0003.wav,12707
/workspace_cros2025/cml_tts_dataset_portuguese_v0.1/dev/audio/12707/10229/12707_10229_000068-0002.wav,12707
/workspace_cros2025/cml_tts_dataset_portuguese_v0.1/dev/audio/12707/10229/12707_10229_000049.wav,12707
/workspace_cros2025/cml_tts_dataset_portuguese_v0.1/dev/audio/12707/10229/12707_10229_000072-0001.wav,12707
/workspace_cros2025/cml_tts_dataset_portuguese_v0.1/dev/audio/12707/10229/12707_10229_000033-0001.wav,12707
/workspace_cros2025/cml_tts_dataset_portuguese_v0.1/test/audio/11247/10229/11247_10229_000044-0001.wav,11247
/workspace_cros2025/cml_tts_dataset_portuguese_v0.1/test/audio/11247/10229/11247_10229_000064.wav,11247
/workspace_cros2025/cml_tts_dataset_portuguese_v0.1/test/audio/11247/10229/11247_10229_000030-0002.wav,11247
/workspace_cros2025/cml_tts_dataset_portuguese_v0.1/test/audio/11247/10229/11247_10229_000075.wav,11247
/workspace_cros2025/cml_tts_dataset_portuguese_v0.1/test/audio/11247/10229/11247_10229_000030-0001.wav,11247
/workspace_cros2025/cml_tts_dataset_portuguese_v0.1/test/audio/11247/10229/11247_10229_000041-0001.wav,11247
/workspace_cros2025/cml_tts_dataset_portuguese_v0.1/test/audio/11247/10229/11247_10229_000048.wav,11247
/workspace_cros2025/cml_tts_dataset_portuguese_v0.1/test/audio/11247/10229/11247_10229_000022-0002.wav,11247
/workspace_cros2025/cml_tts_dataset_portuguese_v0.1/test/audio/11247/10229/11247_10229_000022-0001.wav,11247
/workspace_cros2025/cml_tts_dataset_portuguese_v0.1/test/audio/11247/10229/11247_10229_000027.wav,11247
/workspace_cros2025/cml_tts_dataset_portuguese_v0.1/test/audio/12287/12742/12287_12742_000030.wav,12287
/workspace_cros2025/cml_tts_dataset_portuguese_v0.1/test/audio/12287/12742/12287_12742_000007.wav,12287
/workspace_cros2025/cml_tts_dataset_portuguese_v0.1/test/audio/12287/12742/12287_12742_000029.wav,12287
/workspace_cros2025/cml_tts_dataset_portuguese_v0.1/test/audio/12287/12742/12287_12742_000005-0002.wav,12287
/workspace_cros2025/cml_tts_dataset_portuguese_v0.1/test/audio/12287/12742/12287_12742_000046.wav,12287
/workspace_cros2025/cml_tts_dataset_portuguese_v0.1/test/audio/12287/12742/12287_12742_000040.wav,12287
/workspace_cros2025/cml_tts_dataset_portuguese_v0.1/test/audio/12287/12742/12287_12742_000024.wav,12287
/workspace_cros2025/cml_tts_dataset_portuguese_v0.1/test/audio/12287/12742/12287_12742_000017.wav,12287
/workspace_cros2025/cml_tts_dataset_portuguese_v0.1/test/audio/12287/12742/12287_12742_000090.wav,12287
/workspace_cros2025/cml_tts_dataset_portuguese_v0.1/test/audio/12287/12742/12287_12742_000027.wav,12287
/workspace_cros2025/cml_tts_dataset_portuguese_v0.1/test/audio/3050/2941/3050_2941_000021-0001.wav,3050
/workspace_cros2025/cml_tts_dataset_portuguese_v0.1/test/audio/3050/2941/3050_2941_000068-0002.wav,3050
/workspace_cros2025/cml_tts_dataset_portuguese_v0.1/test/audio/3050/2941/3050_2941_000063-0003.wav,3050
/workspace_cros2025/cml_tts_dataset_portuguese_v0.1/test/audio/3050/2941/3050_2941_000035-0001.wav,3050
/workspace_cros2025/cml_tts_dataset_portuguese_v0.1/test/audio/3050/2941/3050_2941_000011-0001.wav,3050
/workspace_cros2025/cml_tts_dataset_portuguese_v0.1/test/audio/3050/2941/3050_2941_000029-0002.wav,3050
/workspace_cros2025/cml_tts_dataset_portuguese_v0.1/test/audio/3050/2941/3050_2941_000061-0001.wav,3050
/workspace_cros2025/cml_tts_dataset_portuguese_v0.1/test/audio/3050/2941/3050_2941_000053-0001.wav,3050
/workspace_cros2025/cml_tts_dataset_portuguese_v0.1/test/audio/3050/2941/3050_2941_000044-0001.wav,3050
/workspace_cros2025/cml_tts_dataset_portuguese_v0.1/test/audio/3050/2941/3050_2941_000051.wav,3050
/workspace_cros2025/cml_tts_dataset_portuguese_v0.1/test/audio/5739/4739/5739_4739_000057.wav,5739
/workspace_cros2025/cml_tts_dataset_portuguese_v0.1/test/audio/5739/4739/5739_4739_000045.wav,5739
/workspace_cros2025/cml_tts_dataset_portuguese_v0.1/test/audio/5739/4739/5739_4739_000004.wav,5739
/workspace_cros2025/cml_tts_dataset_portuguese_v0.1/test/audio/5739/4739/5739_4739_000015-0002.wav,5739
/workspace_cros2025/cml_tts_dataset_portuguese_v0.1/test/audio/5739/4739/5739_4739_000060.wav,5739
/workspace_cros2025/cml_tts_dataset_portuguese_v0.1/test/audio/5739/4739/5739_4739_000032.wav,5739
/workspace_cros2025/cml_tts_dataset_portuguese_v0.1/test/audio/5739/4739/5739_4739_000091.wav,5739
/workspace_cros2025/cml_tts_dataset_portuguese_v0.1/test/audio/5739/4739/5739_4739_000010-0001.wav,5739
/workspace_cros2025/cml_tts_dataset_portuguese_v0.1/test/audio/5739/4739/5739_4739_000023.wav,5739
/workspace_cros2025/cml_tts_dataset_portuguese_v0.1/test/audio/5739/4739/5739_4739_000033.wav,5739
/workspace_cros2025/cml_tts_dataset_portuguese_v0.1/test/audio/12626/10229/12626_10229_000076.wav,12626
/workspace_cros2025/cml_tts_dataset_portuguese_v0.1/test/audio/12626/10229/12626_10229_000035-0002.wav,12626
/workspace_cros2025/cml_tts_dataset_portuguese_v0.1/test/audio/12626/10229/12626_10229_000037-0001.wav,12626
/workspace_cros2025/cml_tts_dataset_portuguese_v0.1/test/audio/12626/10229/12626_10229_000058.wav,12626
/workspace_cros2025/cml_tts_dataset_portuguese_v0.1/test/audio/12626/10229/12626_10229_000062.wav,12626
/workspace_cros2025/cml_tts_dataset_portuguese_v0.1/test/audio/12626/10229/12626_10229_000022-0002.wav,12626
/workspace_cros2025/cml_tts_dataset_portuguese_v0.1/test/audio/12626/10229/12626_10229_000032.wav,12626
/workspace_cros2025/cml_tts_dataset_portuguese_v0.1/test/audio/12626/10229/12626_10229_000066.wav,12626
/workspace_cros2025/cml_tts_dataset_portuguese_v0.1/test/audio/12626/10229/12626_10229_000044-0003.wav,12626
/workspace_cros2025/cml_tts_dataset_portuguese_v0.1/test/audio/12626/10229/12626_10229_000050.wav,12626
/workspace_cros2025/cml_tts_dataset_portuguese_v0.1/test/audio/4405/3604/4405_3604_000018.wav,4405
/workspace_cros2025/cml_tts_dataset_portuguese_v0.1/test/audio/4405/3604/4405_3604_000021.wav,4405
/workspace_cros2025/cml_tts_dataset_portuguese_v0.1/test/audio/4405/3604/4405_3604_000013.wav,4405
/workspace_cros2025/cml_tts_dataset_portuguese_v0.1/test/audio/4405/3604/4405_3604_000001.wav,4405
/workspace_cros2025/cml_tts_dataset_portuguese_v0.1/test/audio/4405/3604/4405_3604_000029-0001.wav,4405
/workspace_cros2025/cml_tts_dataset_portuguese_v0.1/test/audio/4405/3604/4405_3604_000027.wav,4405
/workspace_cros2025/cml_tts_dataset_portuguese_v0.1/test/audio/4405/3604/4405_3604_000016-0001.wav,4405
/workspace_cros2025/cml_tts_dataset_portuguese_v0.1/test/audio/4405/3604/4405_3604_000024-0002.wav,4405
/workspace_cros2025/cml_tts_dataset_portuguese_v0.1/test/audio/4405/3604/4405_3604_000003.wav,4405
/workspace_cros2025/cml_tts_dataset_portuguese_v0.1/test/audio/4405/3604/4405_3604_000017.wav,4405
/workspace_cros2025/cml_tts_dataset_portuguese_v0.1/test/audio/13063/13511/13063_13511_000038.wav,13063
/workspace_cros2025/cml_tts_dataset_portuguese_v0.1/test/audio/13063/13511/13063_13511_000046-0001.wav,13063
/workspace_cros2025/cml_tts_dataset_portuguese_v0.1/test/audio/13063/13511/13063_13511_000086-0002.wav,13063
/workspace_cros2025/cml_tts_dataset_portuguese_v0.1/test/audio/13063/13511/13063_13511_000047.wav,13063
/workspace_cros2025/cml_tts_dataset_portuguese_v0.1/test/audio/13063/13511/13063_13511_000006-0003.wav,13063
/workspace_cros2025/cml_tts_dataset_portuguese_v0.1/test/audio/13063/13511/13063_13511_000037.wav,13063
/workspace_cros2025/cml_tts_dataset_portuguese_v0.1/test/audio/13063/13511/13063_13511_000005-0001.wav,13063
/workspace_cros2025/cml_tts_dataset_portuguese_v0.1/test/audio/13063/13511/13063_13511_000073.wav,13063
/workspace_cros2025/cml_tts_dataset_portuguese_v0.1/test/audio/13063/13511/13063_13511_000077-0001.wav,13063
/workspace_cros2025/cml_tts_dataset_portuguese_v0.1/test/audio/13063/13511/13063_13511_000049-0002.wav,13063
/workspace_cros2025/cml_tts_dataset_portuguese_v0.1/test/audio/12114/10229/12114_10229_000008.wav,12114
/workspace_cros2025/cml_tts_dataset_portuguese_v0.1/test/audio/12114/10229/12114_10229_000089.wav,12114
/workspace_cros2025/cml_tts_dataset_portuguese_v0.1/test/audio/12114/10229/12114_10229_000054.wav,12114
/workspace_cros2025/cml_tts_dataset_portuguese_v0.1/test/audio/12114/10229/12114_10229_000014.wav,12114
/workspace_cros2025/cml_tts_dataset_portuguese_v0.1/test/audio/12114/10229/12114_10229_000069.wav,12114
/workspace_cros2025/cml_tts_dataset_portuguese_v0.1/test/audio/12114/10229/12114_10229_000044.wav,12114
/workspace_cros2025/cml_tts_dataset_portuguese_v0.1/test/audio/12114/10229/12114_10229_000082.wav,12114
/workspace_cros2025/cml_tts_dataset_portuguese_v0.1/test/audio/12114/10229/12114_10229_000065.wav,12114
/workspace_cros2025/cml_tts_dataset_portuguese_v0.1/test/audio/12114/10229/12114_10229_000019.wav,12114
/workspace_cros2025/cml_tts_dataset_portuguese_v0.1/test/audio/12114/10229/12114_10229_000060.wav,12114
/workspace_cros2025/cml_tts_dataset_portuguese_v0.1/test/audio/7925/6390/7925_6390_000078.wav,7925
/workspace_cros2025/cml_tts_dataset_portuguese_v0.1/test/audio/7925/6390/7925_6390_000077.wav,7925
/workspace_cros2025/cml_tts_dataset_portuguese_v0.1/test/audio/7925/6390/7925_6390_000038.wav,7925
/workspace_cros2025/cml_tts_dataset_portuguese_v0.1/test/audio/7925/6390/7925_6390_000023.wav,7925
/workspace_cros2025/cml_tts_dataset_portuguese_v0.1/test/audio/7925/6390/7925_6390_000080-0001.wav,7925
/workspace_cros2025/cml_tts_dataset_portuguese_v0.1/test/audio/7925/6390/7925_6390_000084-0001.wav,7925
/workspace_cros2025/cml_tts_dataset_portuguese_v0.1/test/audio/7925/6390/7925_6390_000060-0002.wav,7925
/workspace_cros2025/cml_tts_dataset_portuguese_v0.1/test/audio/7925/6390/7925_6390_000030.wav,7925
/workspace_cros2025/cml_tts_dataset_portuguese_v0.1/test/audio/7925/6390/7925_6390_000072.wav,7925
/workspace_cros2025/cml_tts_dataset_portuguese_v0.1/test/audio/7925/6390/7925_6390_000040-0002.wav,7925
/workspace_cros2025/cml_tts_dataset_portuguese_v0.1/test/audio/12670/13396/12670_13396_000047-0002.wav,12670
/workspace_cros2025/cml_tts_dataset_portuguese_v0.1/test/audio/12670/13396/12670_13396_000025.wav,12670
/workspace_cros2025/cml_tts_dataset_portuguese_v0.1/test/audio/12670/13396/12670_13396_000037.wav,12670
/workspace_cros2025/cml_tts_dataset_portuguese_v0.1/test/audio/12670/13396/12670_13396_000029.wav,12670
/workspace_cros2025/cml_tts_dataset_portuguese_v0.1/test/audio/12670/13396/12670_13396_000010.wav,12670
/workspace_cros2025/cml_tts_dataset_portuguese_v0.1/test/audio/12670/13396/12670_13396_000034.wav,12670
/workspace_cros2025/cml_tts_dataset_portuguese_v0.1/test/audio/12670/13396/12670_13396_000041-0002.wav,12670
/workspace_cros2025/cml_tts_dataset_portuguese_v0.1/test/audio/12670/13396/12670_13396_000019.wav,12670
/workspace_cros2025/cml_tts_dataset_portuguese_v0.1/test/audio/12670/13396/12670_13396_000014.wav,12670
/workspace_cros2025/cml_tts_dataset_portuguese_v0.1/test/audio/12670/13396/12670_13396_000048-0001.wav,12670
